city_id,city_name,hotel_name,url,score,latitude,longitude
1,Marseille,The Babel Community Hôtel - Vieux Port,https://www.booking.com/hotel/fr/grand-t1-vieux-port-salle-de-sport-amp-rooftop.fr.html?aid=304142&label=gen173nr-10CAQoggJCEHNlYXJjaF9tYXJzZWlsbGVIM1gEaE2IAQGYATO4ARfIAQzYAQPoAQH4AQGIAgGoAgG4Asj3g88GwAIB0gIkODg1ZTgyZWItNTM1Zi00MzMxLTg0ZDMtZDIzNGJhMDRjODU22AIB4AIB&ucfs=1&arphpl=1&group_adults=2&req_adults=2&no_rooms=1&group_children=0&req_children=0&hpos=1&hapos=1&sr_order=popularity&srpvid=f10c6aa42c650244&srepoch=1776352201&from=searchresults,8.5,43.2937579,5.3774478
1,Marseille,nhow Marseille,https://www.booking.com/hotel/fr/nhow-marseille.fr.html?aid=304142&label=gen173nr-10CAQoggJCEHNlYXJjaF9tYXJzZWlsbGVIM1gEaE2IAQGYATO4ARfIAQzYAQPoAQH4AQGIAgGoAgG4Asj3g88GwAIB0gIkODg1ZTgyZWItNTM1Zi00MzMxLTg0ZDMtZDIzNGJhMDRjODU22AIB4AIB&ucfs=1&arphpl=1&group_adults=2&req_adults=2&no_rooms=1&group_children=0&req_children=0&hpos=2&hapos=2&sr_order=popularity&srpvid=f10c6aa42c650244&srepoch=1776352201&from_sustainable_property_sr=1&from=searchresults,8.3,43.26873556781857,5.36907434463501
1,Marseille,Hôtel Amoi Vieux Port - Marseille,https://www.booking.com/hotel/fr/amoi-vieux-port-marseille.fr.html?aid=304142&label=gen173nr-10CAQoggJCEHNlYXJjaF9tYXJzZWlsbGVIM1gEaE2IAQGYATO4ARfIAQzYAQPoAQH4AQGIAgGoAgG4Asj3g88GwAIB0gIkODg1ZTgyZWItNTM1Zi00MzMxLTg0ZDMtZDIzNGJhMDRjODU22AIB4AIB&ucfs=1&arphpl=1&group_adults=2&req_adults=2&no_rooms=1&group_children=0&req_children=0&hpos=3&hapos=3&sr_order=popularity&srpvid=f10c6aa42c650244&srepoch=1776352201&from=searchresults,9.1,43.2898164291179,5.37592555079948
1,Marseille,InterContinental Marseille - Hotel Dieu by IHG,https://www.booking.com/hotel/fr/marseille-dieu.fr.html?aid=304142&label=gen173nr-10CAQoggJCEHNlYXJjaF9tYXJzZWlsbGVIM1gEaE2IAQGYATO4ARfIAQzYAQPoAQH4AQGIAgGoAgG4Asj3g88GwAIB0gIkODg1ZTgyZWItNTM1Zi00MzMxLTg0ZDMtZDIzNGJhMDRjODU22AIB4AIB&ucfs=1&arphpl=1&group_adults=2&req_adults=2&no_rooms=1&group_children=0&req_children=0&hpos=4&hapos=4&sr_order=popularity&srpvid=f10c6aa42c650244&srepoch=1776352201&from_sustainable_property_sr=1&from=searchresults,8.7,43.29858166724716,5.36974623799324
1,Marseille,Radisson Blu Hotel Marseille Vieux Port,https://www.booking.com/hotel/fr/radisson-sas-marseille-vieux-port.fr.html?aid=304142&label=gen173nr-10CAQoggJCEHNlYXJjaF9tYXJzZWlsbGVIM1gEaE2IAQGYATO4ARfIAQzYAQPoAQH4AQGIAgGoAgG4Asj3g88GwAIB0gIkODg1ZTgyZWItNTM1Zi00MzMxLTg0ZDMtZDIzNGJhMDRjODU22AIB4AIB&ucfs=1&arphpl=1&group_adults=2&req_adults=2&no_rooms=1&group_children=0&req_children=0&hpos=5&hapos=5&sr_order=popularity&srpvid=f10c6aa42c650244&srepoch=1776352201&from_sustainable_property_sr=1&from=searchresults,8.6,43.29258339752927,5.367027819156647
1,Marseille,RockyPop Marseille Hôtel,https://www.booking.com/hotel/fr/citadines-aparthotel-marseilleprado.fr.html?aid=304142&label=gen173nr-10CAQoggJCEHNlYXJjaF9tYXJzZWlsbGVIM1gEaE2IAQGYATO4ARfIAQzYAQPoAQH4AQGIAgGoAgG4Asj3g88GwAIB0gIkODg1ZTgyZWItNTM1Zi00MzMxLTg0ZDMtZDIzNGJhMDRjODU22AIB4AIB&ucfs=1&arphpl=1&group_adults=2&req_adults=2&no_rooms=1&group_children=0&req_children=0&hpos=6&hapos=6&sr_order=popularity&srpvid=f10c6aa42c650244&srepoch=1776352201&from=searchresults,9.1,43.28282806447971,5.387259051203728
1,Marseille,Hotel Belle-Vue Vieux-Port,https://www.booking.com/hotel/fr/belle-vue.fr.html?aid=304142&label=gen173nr-10CAQoggJCEHNlYXJjaF9tYXJzZWlsbGVIM1gEaE2IAQGYATO4ARfIAQzYAQPoAQH4AQGIAgGoAgG4Asj3g88GwAIB0gIkODg1ZTgyZWItNTM1Zi00MzMxLTg0ZDMtZDIzNGJhMDRjODU22AIB4AIB&ucfs=1&arphpl=1&group_adults=2&req_adults=2&no_rooms=1&group_children=0&req_children=0&hpos=7&hapos=7&sr_order=popularity&srpvid=f10c6aa42c650244&srepoch=1776352201&from_sustainable_property_sr=1&from=searchresults,8.5,43.29641559604076,5.372060984373093
1,Marseille,Maison Marseille-Longchamp - Havre Art Déco & Business - Vieux-Port - Gare,https://www.booking.com/hotel/fr/maison-longchamp-havre-art-deco-amp-business-vieux-port-gare.fr.html?aid=304142&label=gen173nr-10CAQoggJCEHNlYXJjaF9tYXJzZWlsbGVIM1gEaE2IAQGYATO4ARfIAQzYAQPoAQH4AQGIAgGoAgG4Asj3g88GwAIB0gIkODg1ZTgyZWItNTM1Zi00MzMxLTg0ZDMtZDIzNGJhMDRjODU22AIB4AIB&ucfs=1&arphpl=1&group_adults=2&req_adults=2&no_rooms=1&group_children=0&req_children=0&hpos=8&hapos=8&sr_order=popularity&srpvid=f10c6aa42c650244&srepoch=1776352201&from=searchresults,9.4,43.3014736,5.3888427
1,Marseille,New Hotel of Marseille - Vieux Port,https://www.booking.com/hotel/fr/new-of-marseille-le-pharo.fr.html?aid=304142&label=gen173nr-10CAQoggJCEHNlYXJjaF9tYXJzZWlsbGVIM1gEaE2IAQGYATO4ARfIAQzYAQPoAQH4AQGIAgGoAgG4Asj3g88GwAIB0gIkODg1ZTgyZWItNTM1Zi00MzMxLTg0ZDMtZDIzNGJhMDRjODU22AIB4AIB&ucfs=1&arphpl=1&group_adults=2&req_adults=2&no_rooms=1&group_children=0&req_children=0&hpos=9&hapos=9&sr_order=popularity&srpvid=f10c6aa42c650244&srepoch=1776352201&from=searchresults,8.7,43.292048471347655,5.359777808189392
1,Marseille,La LUNA - VILLA D'ARCHITECTE B&B VUE MER ET JACUZZI,https://www.booking.com/hotel/fr/la-luna-marseille.fr.html?aid=304142&label=gen173nr-10CAQoggJCEHNlYXJjaF9tYXJzZWlsbGVIM1gEaE2IAQGYATO4ARfIAQzYAQPoAQH4AQGIAgGoAgG4Asj3g88GwAIB0gIkODg1ZTgyZWItNTM1Zi00MzMxLTg0ZDMtZDIzNGJhMDRjODU22AIB4AIB&ucfs=1&arphpl=1&group_adults=2&req_adults=2&no_rooms=1&group_children=0&req_children=0&hpos=10&hapos=10&sr_order=popularity&srpvid=f10c6aa42c650244&srepoch=1776352201&from=searchresults,9.0,43.27857844717706,5.358318015933037
2,Cassis,La douceur de Cassis,https://www.booking.com/hotel/fr/la-douceur-de-cassis.fr.html?aid=304142&label=gen173nr-10CAQoggJCDXNlYXJjaF9jYXNzaXNIM1gEaE2IAQGYATO4ARfIAQzYAQPoAQH4AQGIAgGoAgG4AoT4g88GwAIB0gIkZWQ1MTE4OWItZDQ1ZC00OThlLWFjZDUtYWRhN2QwZDA2MmQ42AIB4AIB&ucfs=1&arphpl=1&group_adults=2&req_adults=2&no_rooms=1&group_children=0&req_children=0&hpos=1&hapos=1&sr_order=popularity&srpvid=5ac16ac2680505a4&srepoch=1776352261&from=searchresults,9.3,43.215009,5.530956
2,Cassis,Home Cassis - Maison Julou - Piscine chauffée à 32c,https://www.booking.com/hotel/fr/home-cassis-maison-julou.fr.html?aid=304142&label=gen173nr-10CAQoggJCDXNlYXJjaF9jYXNzaXNIM1gEaE2IAQGYATO4ARfIAQzYAQPoAQH4AQGIAgGoAgG4AoT4g88GwAIB0gIkZWQ1MTE4OWItZDQ1ZC00OThlLWFjZDUtYWRhN2QwZDA2MmQ42AIB4AIB&ucfs=1&arphpl=1&group_adults=2&req_adults=2&no_rooms=1&group_children=0&req_children=0&hpos=2&hapos=2&sr_order=popularity&srpvid=5ac16ac2680505a4&srepoch=1776352261&from=searchresults,8.2,43.222079689063,5.537926946033
2,Cassis,Home Cassis - Maison Méditerranée - Piscine chauffée à 30c,https://www.booking.com/hotel/fr/home-cassis-maison-mediterrannee.fr.html?aid=304142&label=gen173nr-10CAQoggJCDXNlYXJjaF9jYXNzaXNIM1gEaE2IAQGYATO4ARfIAQzYAQPoAQH4AQGIAgGoAgG4AoT4g88GwAIB0gIkZWQ1MTE4OWItZDQ1ZC00OThlLWFjZDUtYWRhN2QwZDA2MmQ42AIB4AIB&ucfs=1&arphpl=1&group_adults=2&req_adults=2&no_rooms=1&group_children=0&req_children=0&hpos=3&hapos=3&sr_order=popularity&srpvid=5ac16ac2680505a4&srepoch=1776352261&from=searchresults,8.6,43.219776350851,5.53745873272419
2,Cassis,HPC Suites,https://www.booking.com/hotel/fr/hpc-suites.fr.html?aid=304142&label=gen173nr-10CAQoggJCDXNlYXJjaF9jYXNzaXNIM1gEaE2IAQGYATO4ARfIAQzYAQPoAQH4AQGIAgGoAgG4AoT4g88GwAIB0gIkZWQ1MTE4OWItZDQ1ZC00OThlLWFjZDUtYWRhN2QwZDA2MmQ42AIB4AIB&ucfs=1&arphpl=1&group_adults=2&req_adults=2&no_rooms=1&group_children=0&req_children=0&hpos=4&hapos=4&sr_order=popularity&srpvid=5ac16ac2680505a4&srepoch=1776352261&from=searchresults,9.1,43.2169052,5.54144610000003
2,Cassis,Chez Jacques par Dodo-a-Cassis,https://www.booking.com/hotel/fr/la-rade-1-par-dodo-a-cassis.fr.html?aid=304142&label=gen173nr-10CAQoggJCDXNlYXJjaF9jYXNzaXNIM1gEaE2IAQGYATO4ARfIAQzYAQPoAQH4AQGIAgGoAgG4AoT4g88GwAIB0gIkZWQ1MTE4OWItZDQ1ZC00OThlLWFjZDUtYWRhN2QwZDA2MmQ42AIB4AIB&ucfs=1&arphpl=1&group_adults=2&req_adults=2&no_rooms=1&group_children=0&req_children=0&hpos=5&hapos=5&sr_order=popularity&srpvid=5ac16ac2680505a4&srepoch=1776352261&from=searchresults,8.5,43.2154586,5.5344976
2,Cassis,Villa W,https://www.booking.com/hotel/fr/villa-w.fr.html?aid=304142&label=gen173nr-10CAQoggJCDXNlYXJjaF9jYXNzaXNIM1gEaE2IAQGYATO4ARfIAQzYAQPoAQH4AQGIAgGoAgG4AoT4g88GwAIB0gIkZWQ1MTE4OWItZDQ1ZC00OThlLWFjZDUtYWRhN2QwZDA2MmQ42AIB4AIB&ucfs=1&arphpl=1&group_adults=2&req_adults=2&no_rooms=1&group_children=0&req_children=0&hpos=6&hapos=6&sr_order=popularity&srpvid=5ac16ac2680505a4&srepoch=1776352261&from=searchresults,9.1,43.21884420741801,5.533407926559448
2,Cassis,L'appart Cassis,https://www.booking.com/hotel/fr/appart-cassis.fr.html?aid=304142&label=gen173nr-10CAQoggJCDXNlYXJjaF9jYXNzaXNIM1gEaE2IAQGYATO4ARfIAQzYAQPoAQH4AQGIAgGoAgG4AoT4g88GwAIB0gIkZWQ1MTE4OWItZDQ1ZC00OThlLWFjZDUtYWRhN2QwZDA2MmQ42AIB4AIB&ucfs=1&arphpl=1&group_adults=2&req_adults=2&no_rooms=1&group_children=0&req_children=0&hpos=7&hapos=7&sr_order=popularity&srpvid=5ac16ac2680505a4&srepoch=1776352261&from=searchresults,9.1,43.214378,5.5387926
2,Cassis,FANNY - Hyper centre - Wifi - 4 personnes,https://www.booking.com/hotel/fr/fanny-cassis.fr.html?aid=304142&label=gen173nr-10CAQoggJCDXNlYXJjaF9jYXNzaXNIM1gEaE2IAQGYATO4ARfIAQzYAQPoAQH4AQGIAgGoAgG4AoT4g88GwAIB0gIkZWQ1MTE4OWItZDQ1ZC00OThlLWFjZDUtYWRhN2QwZDA2MmQ42AIB4AIB&ucfs=1&arphpl=1&group_adults=2&req_adults=2&no_rooms=1&group_children=0&req_children=0&hpos=8&hapos=8&sr_order=popularity&srpvid=5ac16ac2680505a4&srepoch=1776352261&from=searchresults,9.1,43.2151399,5.5401866
2,Cassis,Best Western Hotel & SPA Coeur De Cassis,https://www.booking.com/hotel/fr/du-grand-jardin.fr.html?aid=304142&label=gen173nr-10CAQoggJCDXNlYXJjaF9jYXNzaXNIM1gEaE2IAQGYATO4ARfIAQzYAQPoAQH4AQGIAgGoAgG4AoT4g88GwAIB0gIkZWQ1MTE4OWItZDQ1ZC00OThlLWFjZDUtYWRhN2QwZDA2MmQ42AIB4AIB&ucfs=1&arphpl=1&group_adults=2&req_adults=2&no_rooms=1&group_children=0&req_children=0&hpos=9&hapos=9&sr_order=popularity&srpvid=5ac16ac2680505a4&srepoch=1776352261&from_sustainable_property_sr=1&from=searchresults,8.7,43.21457326278473,5.540146976709366
2,Cassis,Hotel Le Golfe,https://www.booking.com/hotel/fr/le-golfe-cassis.fr.html?aid=304142&label=gen173nr-10CAQoggJCDXNlYXJjaF9jYXNzaXNIM1gEaE2IAQGYATO4ARfIAQzYAQPoAQH4AQGIAgGoAgG4AoT4g88GwAIB0gIkZWQ1MTE4OWItZDQ1ZC00OThlLWFjZDUtYWRhN2QwZDA2MmQ42AIB4AIB&ucfs=1&arphpl=1&group_adults=2&req_adults=2&no_rooms=1&group_children=0&req_children=0&hpos=10&hapos=10&sr_order=popularity&srpvid=5ac16ac2680505a4&srepoch=1776352261&from=searchresults,8.2,43.21443437507463,5.535294860601425
3,Bayonne,OKKO Hotels Bayonne Centre,https://www.booking.com/hotel/fr/okko-hotels-bayonne-centre.fr.html?aid=304142&label=gen173nr-10CAQoggJCDnNlYXJjaF9iYXlvbm5lSDNYBGhNiAEBmAEzuAEXyAEM2AED6AEB-AEBiAIBqAIBuAK--IPPBsACAdICJDdiMDg3ZTM0LWY4ZjctNGUyYS1iMjkzLThjYzkyMWExZjE0MdgCAeACAQ&ucfs=1&arphpl=1&group_adults=2&req_adults=2&no_rooms=1&group_children=0&req_children=0&hpos=1&hapos=1&sr_order=popularity&srpvid=7d206adfb93a0358&srepoch=1776352319&from=searchresults,8.3,43.49534430000001,-1.4825117999999975
3,Bayonne,Hôtel Villa KOEGUI Bayonne,https://www.booking.com/hotel/fr/villa-koegui-bayonne.fr.html?aid=304142&label=gen173nr-10CAQoggJCDnNlYXJjaF9iYXlvbm5lSDNYBGhNiAEBmAEzuAEXyAEM2AED6AEB-AEBiAIBqAIBuAK--IPPBsACAdICJDdiMDg3ZTM0LWY4ZjctNGUyYS1iMjkzLThjYzkyMWExZjE0MdgCAeACAQ&ucfs=1&arphpl=1&group_adults=2&req_adults=2&no_rooms=1&group_children=0&req_children=0&hpos=2&hapos=2&sr_order=popularity&srpvid=7d206adfb93a0358&srepoch=1776352319&from=searchresults,8.9,43.492371,-1.472588
3,Bayonne,Boutique Hôtel Un Appart en Ville,https://www.booking.com/hotel/fr/un-appart-en-ville-bayonne1.fr.html?aid=304142&label=gen173nr-10CAQoggJCDnNlYXJjaF9iYXlvbm5lSDNYBGhNiAEBmAEzuAEXyAEM2AED6AEB-AEBiAIBqAIBuAK--IPPBsACAdICJDdiMDg3ZTM0LWY4ZjctNGUyYS1iMjkzLThjYzkyMWExZjE0MdgCAeACAQ&ucfs=1&arphpl=1&group_adults=2&req_adults=2&no_rooms=1&group_children=0&req_children=0&hpos=3&hapos=3&sr_order=popularity&srpvid=7d206adfb93a0358&srepoch=1776352319&from=searchresults,8.4,43.4909225,-1.4774412
3,Bayonne,Hotel Cote Basque,https://www.booking.com/hotel/fr/cote-basque.fr.html?aid=304142&label=gen173nr-10CAQoggJCDnNlYXJjaF9iYXlvbm5lSDNYBGhNiAEBmAEzuAEXyAEM2AED6AEB-AEBiAIBqAIBuAK--IPPBsACAdICJDdiMDg3ZTM0LWY4ZjctNGUyYS1iMjkzLThjYzkyMWExZjE0MdgCAeACAQ&ucfs=1&arphpl=1&group_adults=2&req_adults=2&no_rooms=1&group_children=0&req_children=0&hpos=4&hapos=4&sr_order=popularity&srpvid=7d206adfb93a0358&srepoch=1776352319&from=searchresults,8.0,43.49618306480432,-1.4696010947227478
3,Bayonne,Maison d'hôtes City Break MIRADOUR,https://www.booking.com/hotel/fr/city-break-miradour.fr.html?aid=304142&label=gen173nr-10CAQoggJCDnNlYXJjaF9iYXlvbm5lSDNYBGhNiAEBmAEzuAEXyAEM2AED6AEB-AEBiAIBqAIBuAK--IPPBsACAdICJDdiMDg3ZTM0LWY4ZjctNGUyYS1iMjkzLThjYzkyMWExZjE0MdgCAeACAQ&ucfs=1&arphpl=1&group_adults=2&req_adults=2&no_rooms=1&group_children=0&req_children=0&hpos=5&hapos=5&sr_order=popularity&srpvid=7d206adfb93a0358&srepoch=1776352319&from=searchresults,8.3,43.489513,-1.479078
3,Bayonne,Baiona Sainte Cath -2-BI-,https://www.booking.com/hotel/fr/baiona-sainte-cath-bi-bayonne.fr.html?aid=304142&label=gen173nr-10CAQoggJCDnNlYXJjaF9iYXlvbm5lSDNYBGhNiAEBmAEzuAEXyAEM2AED6AEB-AEBiAIBqAIBuAK--IPPBsACAdICJDdiMDg3ZTM0LWY4ZjctNGUyYS1iMjkzLThjYzkyMWExZjE0MdgCAeACAQ&ucfs=1&arphpl=1&group_adults=2&req_adults=2&no_rooms=1&group_children=0&req_children=0&hpos=6&hapos=6&sr_order=popularity&srpvid=7d206adfb93a0358&srepoch=1776352319&from=searchresults,9.0,43.49505892031,-1.4677716
3,Bayonne,Bayonne centre Grand appartement sur les quais,https://www.booking.com/hotel/fr/grand-appartement-sur-les-quais.fr.html?aid=304142&label=gen173nr-10CAQoggJCDnNlYXJjaF9iYXlvbm5lSDNYBGhNiAEBmAEzuAEXyAEM2AED6AEB-AEBiAIBqAIBuAK--IPPBsACAdICJDdiMDg3ZTM0LWY4ZjctNGUyYS1iMjkzLThjYzkyMWExZjE0MdgCAeACAQ&ucfs=1&arphpl=1&group_adults=2&req_adults=2&no_rooms=1&group_children=0&req_children=0&hpos=7&hapos=7&sr_order=popularity&srpvid=7d206adfb93a0358&srepoch=1776352319&from=searchresults,9.7,43.4908695629048,-1.47403835279598
3,Bayonne,Appart'Hôtel Bellevue,https://www.booking.com/hotel/fr/appart-39-bellevue.fr.html?aid=304142&label=gen173nr-10CAQoggJCDnNlYXJjaF9iYXlvbm5lSDNYBGhNiAEBmAEzuAEXyAEM2AED6AEB-AEBiAIBqAIBuAK--IPPBsACAdICJDdiMDg3ZTM0LWY4ZjctNGUyYS1iMjkzLThjYzkyMWExZjE0MdgCAeACAQ&ucfs=1&arphpl=1&group_adults=2&req_adults=2&no_rooms=1&group_children=0&req_children=0&hpos=8&hapos=8&sr_order=popularity&srpvid=7d206adfb93a0358&srepoch=1776352319&from=searchresults,8.7,43.50579423022689,-1.456088320901472
3,Bayonne,Petit Appartement dans une maison,https://www.booking.com/hotel/fr/maison-7-petit-appartement.fr.html?aid=304142&label=gen173nr-10CAQoggJCDnNlYXJjaF9iYXlvbm5lSDNYBGhNiAEBmAEzuAEXyAEM2AED6AEB-AEBiAIBqAIBuAK--IPPBsACAdICJDdiMDg3ZTM0LWY4ZjctNGUyYS1iMjkzLThjYzkyMWExZjE0MdgCAeACAQ&ucfs=1&arphpl=1&group_adults=2&req_adults=2&no_rooms=1&group_children=0&req_children=0&hpos=9&hapos=9&sr_order=popularity&srpvid=7d206adfb93a0358&srepoch=1776352319&from=searchresults,9.0,43.48363139175,-1.496974065607
3,Bayonne,Hotel Loreak,https://www.booking.com/hotel/fr/comfort-bayonne-biarritz.fr.html?aid=304142&label=gen173nr-10CAQoggJCDnNlYXJjaF9iYXlvbm5lSDNYBGhNiAEBmAEzuAEXyAEM2AED6AEB-AEBiAIBqAIBuAK--IPPBsACAdICJDdiMDg3ZTM0LWY4ZjctNGUyYS1iMjkzLThjYzkyMWExZjE0MdgCAeACAQ&ucfs=1&arphpl=1&group_adults=2&req_adults=2&no_rooms=1&group_children=0&req_children=0&hpos=10&hapos=10&sr_order=popularity&srpvid=7d206adfb93a0358&srepoch=1776352319&from=searchresults,8.4,43.49349108918729,-1.4526334404945374
4,Biarritz,Hôtel Le Café de Paris,https://www.booking.com/hotel/fr/le-cafe-de-paris-4.fr.html?aid=304142&label=gen173nr-10CAQoggJCD3NlYXJjaF9iaWFycml0ekgzWARoTYgBAZgBM7gBF8gBDNgBA-gBAfgBAYgCAagCAbgC-PiDzwbAAgHSAiRjMDljYzc2ZC00ZTg5LTRhODItYTRhNi0yNjNjMmYyMThjYmbYAgHgAgE&ucfs=1&arphpl=1&group_adults=2&req_adults=2&no_rooms=1&group_children=0&req_children=0&hpos=1&hapos=1&sr_order=popularity&srpvid=773d6afc6b4b05ab&srepoch=1776352377&from=searchresults,9.0,43.482718094375606,-1.5613406896591189
4,Biarritz,Hôtel Barnea,https://www.booking.com/hotel/fr/hotelargieder.fr.html?aid=304142&label=gen173nr-10CAQoggJCD3NlYXJjaF9iaWFycml0ekgzWARoTYgBAZgBM7gBF8gBDNgBA-gBAfgBAYgCAagCAbgC-PiDzwbAAgHSAiRjMDljYzc2ZC00ZTg5LTRhODItYTRhNi0yNjNjMmYyMThjYmbYAgHgAgE&ucfs=1&arphpl=1&group_adults=2&req_adults=2&no_rooms=1&group_children=0&req_children=0&hpos=2&hapos=2&sr_order=popularity&srpvid=773d6afc6b4b05ab&srepoch=1776352377&from=searchresults,8.9,43.48072811046226,-1.5642817318439484
4,Biarritz,Le Talaia Hôtel & Spa Biarritz - MGallery Collection,https://www.booking.com/hotel/fr/radisson-blu-hotel-biarritz.fr.html?aid=304142&label=gen173nr-10CAQoggJCD3NlYXJjaF9iaWFycml0ekgzWARoTYgBAZgBM7gBF8gBDNgBA-gBAfgBAYgCAagCAbgC-PiDzwbAAgHSAiRjMDljYzc2ZC00ZTg5LTRhODItYTRhNi0yNjNjMmYyMThjYmbYAgHgAgE&ucfs=1&arphpl=1&group_adults=2&req_adults=2&no_rooms=1&group_children=0&req_children=0&hpos=3&hapos=3&sr_order=popularity&srpvid=773d6afc6b4b05ab&srepoch=1776352377&from_sustainable_property_sr=1&from=searchresults,9.0,43.47827192258378,-1.5646907687187197
4,Biarritz,Hôtel Kemaris,https://www.booking.com/hotel/fr/best-western-kemaris.fr.html?aid=304142&label=gen173nr-10CAQoggJCD3NlYXJjaF9iaWFycml0ekgzWARoTYgBAZgBM7gBF8gBDNgBA-gBAfgBAYgCAagCAbgC-PiDzwbAAgHSAiRjMDljYzc2ZC00ZTg5LTRhODItYTRhNi0yNjNjMmYyMThjYmbYAgHgAgE&ucfs=1&arphpl=1&group_adults=2&req_adults=2&no_rooms=1&group_children=0&req_children=0&hpos=4&hapos=4&sr_order=popularity&srpvid=773d6afc6b4b05ab&srepoch=1776352377&from=searchresults,8.4,43.47650270479494,-1.562456488609314
4,Biarritz,Résidence Vacances Bleues Le Grand Large,https://www.booking.com/hotel/fr/le-grand-large-biarritz.fr.html?aid=304142&label=gen173nr-10CAQoggJCD3NlYXJjaF9iaWFycml0ekgzWARoTYgBAZgBM7gBF8gBDNgBA-gBAfgBAYgCAagCAbgC-PiDzwbAAgHSAiRjMDljYzc2ZC00ZTg5LTRhODItYTRhNi0yNjNjMmYyMThjYmbYAgHgAgE&ucfs=1&arphpl=1&group_adults=2&req_adults=2&no_rooms=1&group_children=0&req_children=0&hpos=5&hapos=5&sr_order=popularity&srpvid=773d6afc6b4b05ab&srepoch=1776352377&from=searchresults,8.6,43.48065123446311,-1.5653452277183533
4,Biarritz,Hôtel & Espace Bien-être La Maison du Lierre,https://www.booking.com/hotel/fr/la-maison-du-lierre.fr.html?aid=304142&label=gen173nr-10CAQoggJCD3NlYXJjaF9iaWFycml0ekgzWARoTYgBAZgBM7gBF8gBDNgBA-gBAfgBAYgCAagCAbgC-PiDzwbAAgHSAiRjMDljYzc2ZC00ZTg5LTRhODItYTRhNi0yNjNjMmYyMThjYmbYAgHgAgE&ucfs=1&arphpl=1&group_adults=2&req_adults=2&no_rooms=1&group_children=0&req_children=0&hpos=6&hapos=6&sr_order=popularity&srpvid=773d6afc6b4b05ab&srepoch=1776352377&from=searchresults,9.1,43.480133535313925,-1.560761332511902
4,Biarritz,Grand Tonic Hotel & SPA NUXE,https://www.booking.com/hotel/fr/tonic-hotel-biarritz.fr.html?aid=304142&label=gen173nr-10CAQoggJCD3NlYXJjaF9iaWFycml0ekgzWARoTYgBAZgBM7gBF8gBDNgBA-gBAfgBAYgCAagCAbgC-PiDzwbAAgHSAiRjMDljYzc2ZC00ZTg5LTRhODItYTRhNi0yNjNjMmYyMThjYmbYAgHgAgE&ucfs=1&arphpl=1&group_adults=2&req_adults=2&no_rooms=1&group_children=0&req_children=0&hpos=7&hapos=7&sr_order=popularity&srpvid=773d6afc6b4b05ab&srepoch=1776352377&from=searchresults,8.0,43.48447350743248,-1.5569445490837095
4,Biarritz,Hôtel de La Plage,https://www.booking.com/hotel/fr/de-la-plage-biarritz.fr.html?aid=304142&label=gen173nr-10CAQoggJCD3NlYXJjaF9iaWFycml0ekgzWARoTYgBAZgBM7gBF8gBDNgBA-gBAfgBAYgCAagCAbgC-PiDzwbAAgHSAiRjMDljYzc2ZC00ZTg5LTRhODItYTRhNi0yNjNjMmYyMThjYmbYAgHgAgE&ucfs=1&arphpl=1&group_adults=2&req_adults=2&no_rooms=1&group_children=0&req_children=0&hpos=8&hapos=8&sr_order=popularity&srpvid=773d6afc6b4b05ab&srepoch=1776352377&from=searchresults,9.3,43.482133269718496,-1.567530557513237
4,Biarritz,ALFRED HOTELS Les Halles,https://www.booking.com/hotel/fr/hotelanjou.fr.html?aid=304142&label=gen173nr-10CAQoggJCD3NlYXJjaF9iaWFycml0ekgzWARoTYgBAZgBM7gBF8gBDNgBA-gBAfgBAYgCAagCAbgC-PiDzwbAAgHSAiRjMDljYzc2ZC00ZTg5LTRhODItYTRhNi0yNjNjMmYyMThjYmbYAgHgAgE&ucfs=1&arphpl=1&group_adults=2&req_adults=2&no_rooms=1&group_children=0&req_children=0&hpos=9&hapos=9&sr_order=popularity&srpvid=773d6afc6b4b05ab&srepoch=1776352377&from=searchresults,9.1,43.481694404236,-1.5630841255187988
4,Biarritz,ALFRED HOTELS Port-Vieux,https://www.booking.com/hotel/fr/georges-vi.fr.html?aid=304142&label=gen173nr-10CAQoggJCD3NlYXJjaF9iaWFycml0ekgzWARoTYgBAZgBM7gBF8gBDNgBA-gBAfgBAYgCAagCAbgC-PiDzwbAAgHSAiRjMDljYzc2ZC00ZTg5LTRhODItYTRhNi0yNjNjMmYyMThjYmbYAgHgAgE&ucfs=1&arphpl=1&group_adults=2&req_adults=2&no_rooms=1&group_children=0&req_children=0&hpos=10&hapos=10&sr_order=popularity&srpvid=773d6afc6b4b05ab&srepoch=1776352377&from=searchresults,9.2,43.48218970895052,-1.5663591027259829
5,Collioure,Les Roches Brunes,https://www.booking.com/hotel/fr/les-roches-brunes-collioure.fr.html?aid=304142&label=gen173nr-10CAQoggJCEHNlYXJjaF9jb2xsaW91cmVIM1gEaE2IAQGYATO4ARfIAQzYAQPoAQH4AQGIAgGoAgG4Arz5g88GwAIB0gIkYjkwMTE3YjYtMzJmZi00MjZjLTk0MDktYjAwNzkxNzA0NzZl2AIB4AIB&ucfs=1&arphpl=1&group_adults=2&req_adults=2&no_rooms=1&group_children=0&req_children=0&hpos=1&hapos=1&sr_order=popularity&srpvid=7c9c6b1e581d00c9&srepoch=1776352445&from=searchresults,9.2,42.52534777273077,3.0903244632682725
5,Collioure,Hôtel La Casa Pairal,https://www.booking.com/hotel/fr/hotelcasapairal.fr.html?aid=304142&label=gen173nr-10CAQoggJCEHNlYXJjaF9jb2xsaW91cmVIM1gEaE2IAQGYATO4ARfIAQzYAQPoAQH4AQGIAgGoAgG4Arz5g88GwAIB0gIkYjkwMTE3YjYtMzJmZi00MjZjLTk0MDktYjAwNzkxNzA0NzZl2AIB4AIB&ucfs=1&arphpl=1&group_adults=2&req_adults=2&no_rooms=1&group_children=0&req_children=0&hpos=2&hapos=2&sr_order=popularity&srpvid=7c9c6b1e581d00c9&srepoch=1776352445&from=searchresults,9.1,42.5261673320343,3.082355707883835
5,Collioure,Hôtel & Spa Le Madeloc - Collioure Centre,https://www.booking.com/hotel/fr/madeloc.fr.html?aid=304142&label=gen173nr-10CAQoggJCEHNlYXJjaF9jb2xsaW91cmVIM1gEaE2IAQGYATO4ARfIAQzYAQPoAQH4AQGIAgGoAgG4Arz5g88GwAIB0gIkYjkwMTE3YjYtMzJmZi00MjZjLTk0MDktYjAwNzkxNzA0NzZl2AIB4AIB&ucfs=1&arphpl=1&group_adults=2&req_adults=2&no_rooms=1&group_children=0&req_children=0&hpos=3&hapos=3&sr_order=popularity&srpvid=7c9c6b1e581d00c9&srepoch=1776352445&from=searchresults,8.9,42.5287646672607,3.078654259443283
5,Collioure,La Frégate,https://www.booking.com/hotel/fr/la-fra-c-gate-collioure.fr.html?aid=304142&label=gen173nr-10CAQoggJCEHNlYXJjaF9jb2xsaW91cmVIM1gEaE2IAQGYATO4ARfIAQzYAQPoAQH4AQGIAgGoAgG4Arz5g88GwAIB0gIkYjkwMTE3YjYtMzJmZi00MjZjLTk0MDktYjAwNzkxNzA0NzZl2AIB4AIB&ucfs=1&arphpl=1&group_adults=2&req_adults=2&no_rooms=1&group_children=0&req_children=0&hpos=4&hapos=4&sr_order=popularity&srpvid=7c9c6b1e581d00c9&srepoch=1776352445&from=searchresults,8.3,42.52638625163285,3.083256594836712
5,Collioure,Hotel Méditerranée,https://www.booking.com/hotel/fr/mediterranee-collioure.fr.html?aid=304142&label=gen173nr-10CAQoggJCEHNlYXJjaF9jb2xsaW91cmVIM1gEaE2IAQGYATO4ARfIAQzYAQPoAQH4AQGIAgGoAgG4Arz5g88GwAIB0gIkYjkwMTE3YjYtMzJmZi00MjZjLTk0MDktYjAwNzkxNzA0NzZl2AIB4AIB&ucfs=1&arphpl=1&group_adults=2&req_adults=2&no_rooms=1&group_children=0&req_children=0&hpos=5&hapos=5&sr_order=popularity&srpvid=7c9c6b1e581d00c9&srepoch=1776352445&from=searchresults,7.9,42.52708253934128,3.080262914299965
5,Collioure,Grand Hotel Du Golfe - Spa & Restaurant,https://www.booking.com/hotel/fr/grand-du-golfe.fr.html?aid=304142&label=gen173nr-10CAQoggJCEHNlYXJjaF9jb2xsaW91cmVIM1gEaE2IAQGYATO4ARfIAQzYAQPoAQH4AQGIAgGoAgG4Arz5g88GwAIB0gIkYjkwMTE3YjYtMzJmZi00MjZjLTk0MDktYjAwNzkxNzA0NzZl2AIB4AIB&ucfs=1&arphpl=1&group_adults=2&req_adults=2&no_rooms=1&group_children=0&req_children=0&hpos=6&hapos=6&sr_order=popularity&srpvid=7c9c6b1e581d00c9&srepoch=1776352445&from_sustainable_property_sr=1&from=searchresults,8.8,42.53378310875555,3.064337968826294
5,Collioure,La crique appartement vue clocher Collioure,https://www.booking.com/hotel/fr/appartement-vu-sur-le-clocher-collioure.fr.html?aid=304142&label=gen173nr-10CAQoggJCEHNlYXJjaF9jb2xsaW91cmVIM1gEaE2IAQGYATO4ARfIAQzYAQPoAQH4AQGIAgGoAgG4Arz5g88GwAIB0gIkYjkwMTE3YjYtMzJmZi00MjZjLTk0MDktYjAwNzkxNzA0NzZl2AIB4AIB&ucfs=1&arphpl=1&group_adults=2&req_adults=2&no_rooms=1&group_children=0&req_children=0&hpos=7&hapos=7&sr_order=popularity&srpvid=7c9c6b1e581d00c9&srepoch=1776352445&from=searchresults,9.0,42.524002,3.09685
5,Collioure,Hôtel Princes de Catalogne,https://www.booking.com/hotel/fr/princes-de-catalogne.fr.html?aid=304142&label=gen173nr-10CAQoggJCEHNlYXJjaF9jb2xsaW91cmVIM1gEaE2IAQGYATO4ARfIAQzYAQPoAQH4AQGIAgGoAgG4Arz5g88GwAIB0gIkYjkwMTE3YjYtMzJmZi00MjZjLTk0MDktYjAwNzkxNzA0NzZl2AIB4AIB&ucfs=1&arphpl=1&group_adults=2&req_adults=2&no_rooms=1&group_children=0&req_children=0&hpos=8&hapos=8&sr_order=popularity&srpvid=7c9c6b1e581d00c9&srepoch=1776352445&from=searchresults,8.4,42.52591431339357,3.0826815962791443
5,Collioure,Le Relais Des Trois Mas,https://www.booking.com/hotel/fr/le-relais-des-trois-mas.fr.html?aid=304142&label=gen173nr-10CAQoggJCEHNlYXJjaF9jb2xsaW91cmVIM1gEaE2IAQGYATO4ARfIAQzYAQPoAQH4AQGIAgGoAgG4Arz5g88GwAIB0gIkYjkwMTE3YjYtMzJmZi00MjZjLTk0MDktYjAwNzkxNzA0NzZl2AIB4AIB&ucfs=1&arphpl=1&group_adults=2&req_adults=2&no_rooms=1&group_children=0&req_children=0&hpos=9&hapos=9&sr_order=popularity&srpvid=7c9c6b1e581d00c9&srepoch=1776352445&from=searchresults,8.9,42.52417280573015,3.0893106758594517
5,Collioure,Can Jeannette Vue Mer & Montagne - Collioure,https://www.booking.com/hotel/fr/lodges-can-jeannette-vue-mer-amp-montagne.fr.html?aid=304142&label=gen173nr-10CAQoggJCEHNlYXJjaF9jb2xsaW91cmVIM1gEaE2IAQGYATO4ARfIAQzYAQPoAQH4AQGIAgGoAgG4Arz5g88GwAIB0gIkYjkwMTE3YjYtMzJmZi00MjZjLTk0MDktYjAwNzkxNzA0NzZl2AIB4AIB&ucfs=1&arphpl=1&group_adults=2&req_adults=2&no_rooms=1&group_children=0&req_children=0&hpos=10&hapos=10&sr_order=popularity&srpvid=7c9c6b1e581d00c9&srepoch=1776352445&from=searchresults,9.8,42.5251859627894,3.07852878255896
